"학교명","설립별","지역별","교외장학금 소계(원)","교외장학금 국가","교외장학금 지방자치단체","교외장학금 사설및기타","교내장학금 소계(원)","교내장학금 성적우수장학금","교내장학금 저소득층장학금","교내장학금 근로장학금","교내장학금 재난장학금","교내장학금 교직원장학금","교내장학금 기타장학금","총계(원)"
"ICT폴리텍대학","사립","경기","368872500","219407500","0","149465000","82715000","28500000","48492500","0","0","0","5722500","451587500"
"가야대학교(김해)","사립","경남","4995635065","4957301385","7315680","31018000","2285214810","674255020","915679450","129785340","0","35822000","529673000","7280849875"
"가천대학교","사립","경기","35109669872","34484846547","101976165","522847160","28256078762","6294783100","8068027560","1480963771","10139300","176458600","12225706431","63365748634"
"가톨릭관동대학교","사립","강원","16159991032","15525791002","478532550","155667480","6660115923","2922916230","906426550","210252628","115200000","156439000","2348881515","22820106955"
"가톨릭꽃동네대학교","사립","충북","1468923590","1382093430","1352160","85478000","605438779","80527500","229202000","122970012","0","6618000","166121267","2074362369"
"가톨릭대학교","사립","경기","14394845376","13231777486","76781223","1086286667","11126044354","3950002550","2955068450","517059284","1261191550","44995000","2397727520","25520889730"
"가톨릭상지대학교","사립","경북","5174618138","5120618138","3500000","50500000","1739623244","248460000","103949000","28360402","0","33935800","1324918042","6914241382"
"감리교신학대학교","사립","서울","2706476943","2418217212","17803520","270456211","511950028","255815200","84169200","31826328","0","6157200","133982100","3218426971"
"강남대학교","사립","경기","14494157720","14305187060","17787160","171183500","7402296485","2314738130","2656121600","310447105","574900000","77528600","1468561050","21896454205"
"강동대학교","사립","충북","8339991953","8249358573","49716930","40916450","2602830462","320021500","788385021","66136512","6819000","64515400","1356953029","10942822415"
"강릉영동대학교","사립","강원","6474365167","6222272367","222642800","29450000","1435809803","414199100","38026400","37449583","0","25894800","920239920","7910174970"
"강릉원주대학교","국공립","강원","15486625110","14869129230","281582430","335913450","5548540480","3133149900","1047001780","385348890","0","0","983039910","21035165590"
"강서대학교","사립","서울","3161371652","2995420342","44414000","121537310","1979800000","275920400","526694474","170918726","34350000","30655000","941261400","5141171652"
"강원관광대학교","사립","강원","1860629960","1573447810","280182150","7000000","398924297","117595730","94245667","0","565400","0","186517500","2259554257"
"강원대학교","국공립","강원","39118871242","34317238499","2717620120","2084012623","13260668352","5331605090","2460018600","2889060832","0","0","2579983830","52379539594"
"강원도립대학교","국공립","강원","877490415","825243295","4753120","47494000","541032000","114157240","41899000","79434360","0","0","305541400","1418522415"
"거제대학교","사립","경남","2909981188","2832354188","2000000","75627000","976809842","153893500","313285000","50841492","0","11218300","447571550","3886791030"
"건국대학교","사립","서울","27062175362","23892019578","433662230","2736493554","21747693132","6691346262","10033556421","955702802","7847320","104262400","3954977927","48809868494"
"건국대학교(글로컬)","사립","충북","15695431342","15230770962","140130180","324530200","9857135528","2388274900","2535979960","463539448","6620300","132627800","4330093120","25552566870"
"건양대학교","사립","충남","15352584221","14821419831","2790720","528373670","8711528208","4379628750","2226360920","162481588","0","34662500","1908394450","24064112429"
"건양사이버대학교","사립","대전","6251053346","6251053346","0","0","1283415432","215122500","15500000","42140432","18714500","6606000","985332000","7534468778"
"경기과학기술대학교","사립","경기","11122860473","10913303273","53977200","155580000","5001816432","597383520","164899960","200737452","0","18888000","4019907500","16124676905"
"경기대학교","사립","경기","28424497626","27814044296","175226270","435227060","19630992793","5633265500","5227274720","852568664","3026840000","103011000","4788032909","48055490419"
"경남과학기술대학교","국공립","경남","8739259984","8497245104","28884480","213130400","3018755760","1949210560","160964590","147647860","3610700","0","757322050","11758015744"
"경남대학교","사립","경남","22196002753","21587771813","128455440","479775500","12408696284","4801057400","1991403420","715856214","24134900","206005000","4670239350","34604699037"
"경남도립거창대학","국공립","경남","1361776127","1305812287","2230840","53733000","698215048","156827000","29600000","87996548","0","0","423791500","2059991175"
"경남도립남해대학","국공립","경남","1361942360","1314315580","1669280","45957500","701670430","103848700","29546000","110112530","0","0","458163200","2063612790"
"경남정보대학교","사립","부산","18635853738","18429178191","35677680","170997867","4826390421","1241890020","743491640","211049508","0","48202200","2581757053","23462244159"
"경동대학교","사립","강원","14998976874","14349957534","452656740","196362600","8551633650","927385300","2386933400","37600000","0","84675400","5115039550","23550610524"
"경민대학교","사립","경기","12429221182","11751446332","586292100","91482750","3632113082","472958000","451670000","249479108","12106660","1650000","2444249314","16061334264"
"경복대학교","사립","경기","18254984508","18125058408","28659600","101266500","6253493398","286604000","2228594052","341275206","0","19097500","3377922640","24508477906"
"경북과학대학교","사립","경북","3942707445","3926045255","0","16662190","2790204890","149172000","58577320","504000","0","155403120","2426548450","6732912335"
"경북대학교","국공립","대구","39145313768","36321961128","65224330","2758128310","15559919432","7107580600","4021938180","2111547122","0","0","2318853530","54705233200"
"경북도립대학교","국공립","경북","1132410984","1093227484","10116000","29067500","535535166","231955700","62855040","19325096","0","0","221399330","1667946150"
"경북보건대학교","사립","경북","3057522712","3009444006","3906500","44172206","1147802807","513703460","178069580","79748324","0","0","376281443","4205325519"
"경북전문대학교","사립","경북","8107805383","7996480793","23084590","88240000","2463014002","470877400","41444120","274755032","0","38947000","1636990450","10570819385"
"경상국립대학교","국공립","경남","26147511742","24863063362","235532230","1048916150","8067423738","4129838220","1391644000","1495775918","4351000","0","1045814600","34214935480"
"경성대학교","사립","부산","27243097259","26770850904","108014565","364231790","12163346900","4255834500","2967961500","535318340","40928500","76365000","4286939060","39406444159"
"경운대학교","사립","경북","11715820581","11496317653","187002928","32500000","7119430006","760897000","1153803840","210329100","0","12946000","4981454066","18835250587"
"경인교육대학교","국공립","인천","3571844347","3209252637","161058320","201533390","1972846198","634577500","401237500","390162628","0","0","546868570","5544690545"
"경인여자대학교","사립","인천","12783692572","12741963172","0","41729400","4231692278","759662240","287028900","476473998","0","23693800","2684833340","17015384850"
"경일대학교","사립","경북","17271007054","17159217214","7143840","104646000","8594203246","2579967930","2193475750","378512756","0","44045000","3398201810","25865210300"
"경주대학교","사립","경북","796537425","790958665","0","5578760","1643992180","116902000","282054000","32427180","0","7480000","1205129000","2440529605"
"경희대학교","사립","서울","42903138434","40079438118","316754380","2506945936","33926447384","9040017100","12830985780","522510250","4381145590","251928000","6899860664","76829585818"
"경희사이버대학교","사립","서울","11509531409","11455003129","5330280","49198000","5805362142","428466500","53934000","7676976","0","68032000","5247252666","17314893551"
"계명대학교","사립","대구","49988740070","49109653210","124460840","754626020","28425091852","12172770000","5555956500","1892271824","0","390379000","8413714528","78413831922"
"계명문화대학교","사립","대구","15681904597","15598683987","14284610","68936000","5119670138","1360117540","597741610","454589928","0","19386820","2687834240","20801574735"
"계원예술대학교","사립","경기","6641808035","6527009475","24088560","90710000","3043218500","1036352460","1184755520","380178420","0","7600000","434332100","9685026535"
"고구려대학교","사립","전남","4500469675","4494469675","0","6000000","759041900","102451300","8910000","0","0","0","647680600","5259511575"
"고려대학교","사립","서울","34928868941","25937793551","884760590","8106314800","30265546873","2073511500","11676840420","3878671070","498271750","459724500","11678527633","65194415814"
"고려대학교(세종)","사립","세종","11509300414","11192403694","54799630","262097090","9853958092","416543700","4970352098","705214536","23773900","131060000","3607013858","21363258506"
"고려사이버대학교","사립","서울","7270434880","7199153080","1410000","69871800","2613562370","417337500","106957000","3323870","0","46759000","2039185000","9883997250"
"고신대학교","사립","부산","10404399483","9948908223","38485710","417005550","4040548516","1329431000","340571100","384877472","0","139818000","1845850944","14444947999"
"공주교육대학교","국공립","충남","2097478895","2072750895","21228000","3500000","989973480","418500000","76748000","217255480","0","0","277470000","3087452375"
"공주대학교","국공립","충남","23994567935","23344602885","226063760","423901290","7822917470","2755838000","2559201860","976470440","17033800","0","1514373370","31817485405"
"광신대학교","사립","광주","1594966963","1581066963","0","13900000","492211772","13935000","24556000","22453772","0","0","431267000","2087178735"
"광양보건대학교","사립","전남","64194240","13776000","6818240","43600000","324937500","4400000","302137500","0","0","0","18400000","389131740"
"광운대학교","사립","서울","13764638436","13316282786","92519470","355836180","10001311127","2791571900","2829939950","1281802007","0","70243800","3027753470","23765949563"
"광주가톨릭대학교","사립","전남","0","0","0","0","1250000","0","0","0","0","0","1250000","1250000"
"광주과학기술원","국공립","광주","392312440","375252440","3000000","14060000","3700758500","220755000","84460000","22846500","0","0","3372697000","4093070940"
"광주교육대학교","국공립","광주","3810120410","3244275010","520846000","44999400","956917500","229145000","139135000","355931300","0","0","232706200","4767037910"
"광주대학교","사립","광주","17696239938","17476123478","63167460","156949000","7639575822","1807413970","1053518270","157754212","250000","81270400","4539368970","25335815760"
"광주보건대학교","사립","광주","9980733096","9924575076","11274010","44884010","1849975964","848937700","700118940","58446104","0","8562540","233910680","11830709060"
"광주여자대학교","사립","광주","11535737605","11365040385","39908820","130788400","4499000000","1203898870","832283626","332218544","4113300","0","2126485660","16034737605"
"구미대학교","사립","경북","16561348618","16433670818","81977800","45700000","7949891582","380570670","108798840","387334872","0","14160960","7059026240","24511240200"
"국민대학교","사립","서울","30231759188","28158379243","332473265","1740906680","18654687410","4580912360","4584515250","1500757160","0","44998500","7943504140","48886446598"
"국제대학교","사립","경기","7804399179","7745054619","3926560","55418000","2987777250","569321900","740690160","84215800","239676850","40817000","1313055540","10792176429"
"국제사이버대학교","사립","경기","5152594934","5152594934","0","0","1521112000","196833000","491214000","0","0","159990000","673075000","6673706934"
"군산간호대학교","사립","전북","2614121400","2590121400","0","24000000","849916340","169915100","371622600","18904440","450000","0","289024200","3464037740"
"군산대학교","국공립","전북","13652742861","13329409241","100305660","223027960","4183622828","2213993250","726573150","183938948","1107000","0","1058010480","17836365689"
"군장대학교","사립","전북","4482132691","4456357691","7275000","18500000","1787185404","91552800","66888000","13721104","0","25444000","1589579500","6269318095"
"극동대학교","사립","충북","8026561338","7907077758","25398080","94085500","4055741012","1227228600","1439525750","188917862","0","53209600","1146859200","12082302350"
"글로벌사이버대학교","사립","충남","3248131519","3225604519","0","22527000","1176686236","10290000","12615000","9233236","0","33600000","1110948000","4424817755"
"금강대학교","사립","충남","652986151","641572151","0","11414000","1295219926","1069543834","0","36234592","0","0","189441500","1948206077"
"금오공과대학교","국공립","경북","11674739775","11355451435","52464790","266823550","2776844140","1323648820","695664000","345357460","568860","0","411605000","14451583915"
"기독간호대학교","사립","광주","1454724384","1432133832","0","22590552","375264258","163128500","88841850","17546808","1063600","5318000","99365500","1829988642"
"김천대학교","사립","경북","6148295075","6046399475","8934600","92961000","4999682551","1024263300","469084434","168547416","0","49772200","3288015201","11147977626"
"김포대학교","사립","경기","6873637114","6575427914","5609200","292600000","1994649136","280559000","710777240","45941796","0","25074700","932296400","8868286250"
"김해대학교","사립","경남","4760088903","4689774983","6983520","63330400","1230223794","267505400","43040000","144561194","0","570000","774547200","5990312697"
"나사렛대학교","사립","충남","13986983054","13805569254","20189800","161224000","6195653096","2665805000","1765874280","439311136","0","46250000","1278412680","20182636150"
"남부대학교","사립","광주","7359089982","7315720782","0","43369200","3963865408","482796000","728310200","46078008","0","8971000","2697710200","11322955390"
"남서울대학교","사립","충남","21015648573","20730155666","39995260","245497647","13576343354","4568838500","5238911270","178138484","0","173848400","3416606700","34591991927"
"농협대학교","사립","경기","755020465","728106465","8826000","18088000","358189328","145510500","59193000","82955168","0","0","70530660","1113209793"
"단국대학교","사립","경기","43548656801","42107523981","150062260","1291070560","27452334291","2253383730","9556113154","465012396","336000","335207000","14842282011","71000991092"
"대경대학교","사립","경북","10672048190","10619694460","21250630","31103100","4683110750","262890890","6072600","136732656","0","33060400","4244354204","15355158940"
"대구가톨릭대학교","사립","경북","29537226677","29093345447","80132580","363748650","13632854776","4007137298","1207803900","2153490108","3000000","152488000","6108935470","43170081453"
"대구경북과학기술원","국공립","대구","122714912","120914912","0","1800000","1728001508","6360000","42000000","56411508","0","0","1623230000","1850716420"
"대구공업대학교","사립","대구","3627763935","3607963935","0","19800000","3017910314","184750700","20606280","89587240","0","24420700","2698545394","6645674249"
"대구과학대학교","사립","대구","13914308419","13867057699","3030720","44220000","4626690768","937716513","115839940","247333968","0","21166630","3304633717","18540999187"
"대구교육대학교","국공립","대구","2070165331","1904471131","33707200","131987000","1056407994","230914000","310693900","256474764","0","0","258325330","3126573325"
"대구대학교","사립","경북","47328896189","45201396532","525551230","1601948427","15932909606","7897161750","2956656520","1199959188","52724650","201683300","3624724198","63261805795"
"대구보건대학교","사립","대구","19718868107","19605525537","11116570","102226000","5521381902","2066080010","411185450","934246992","0","53703740","2056165710","25240250009"
"대구사이버대학교","사립","경북","4595990950","4587170950","1000000","7820000","1217846600","129980500","11235000","9025000","0","20975600","1046630500","5813837550"
"대구예술대학교","사립","경북","1938539018","1899204738","1296280","38038000","1024097982","382985000","340042340","91516972","0","0","209553670","2962637000"
"대구한의대학교","사립","경북","16181679659","15665972899","43295590","472411170","7622388136","1308680000","705980360","734102556","21795200","92849000","4758981020","23804067795"
"대덕대학교","사립","대전","7549733660","7510495980","1201680","38036000","2439405060","515029270","595496660","132617180","0","30037000","1166224950","9989138720"
"대동대학교","사립","부산","3710729995","3675392455","5795140","29542400","1221033140","515889300","157140900","43733740","1797000","24720000","477752200","4931763135"
"대림대학교","사립","경기","17736071266","17436243606","18128180","281699480","7046226464","2339919040","2147075740","756548964","0","260442200","1542240520","24782297730"
"대신대학교","사립","경북","1710239725","1690439725","0","19800000","530033700","15226000","158150000","38853200","0","13216000","304588500","2240273425"
"대원대학교","사립","충북","7049414532","6778297612","194094920","77022000","1998687358","415614870","286006990","51501148","214500000","16564000","1014500350","9048101890"
"대전가톨릭대학교","사립","세종","59297500","55297500","0","4000000","54810000","0","50910000","3900000","0","0","0","114107500"
"대전과학기술대학교","사립","대전","11407272160","11311320760","11864400","84087000","3238886530","427233180","911400370","174035640","0","12047000","1714170340","14646158690"
"대전대학교","사립","대전","18771275083","18550155833","10720240","210399010","11125391592","3051017500","3225228000","817556792","320000","44342000","3986927300","29896666675"
"대전보건대학교","사립","대전","13877420763","13750952905","13392840","113075018","4136706650","1614963870","645161015","736539120","0","19315920","1120726725","18014127413"
"대전신학대학교","사립","대전","404782628","394240084","0","10542544","59786446","17468000","6575000","5435196","0","0","30308250","464569074"
"대진대학교","사립","경기","16826400288","16670189483","65609805","90601000","9297709856","1565121000","3974318820","303562972","0","117023000","3337684064","26124110144"
"덕성여자대학교","사립","서울","9961807183","9438152565","219653478","304001140","6056384178","2684959646","1729217928","306597404","0","0","1335609200","16018191361"
"동강대학교","사립","광주","6233880182","6196244182","14872000","22764000","1525689728","240912500","178378000","31791228","0","22984000","1051624000","7759569910"
"동국대학교","사립","서울","24965385646","22961327746","206545890","1797512010","18026375248","4113000800","4716050100","2134443928","16000000","124834100","6922046320","42991760894"
"동국대학교(WISE)","사립","경북","15890507887","15470865632","120348045","299294210","9621629751","2610143200","1604968000","385914140","32494000","72075400","4916035011","25512137638"
"동남보건대학교","사립","경기","10213181739","10069788779","32275560","111117400","4310936684","1624287400","1445294100","98218584","231441600","45541200","866153800","14524118423"
"동덕여자대학교","사립","서울","13179787586","12849122606","84345540","246319440","8828018211","4088957500","2281621500","886513252","439900","4902000","1565584059","22007805797"
"동명대학교","사립","부산","20540807860","20260613660","135219250","144974950","8924550793","2206887000","252453420","288567860","0","218854700","5957787813","29465358653"
"동서대학교","사립","부산","25565614373","25320931693","37488680","207194000","9841108852","3571054400","2494084850","576579892","45890800","72828500","3080670410","35406723225"
"동서울대학교","사립","경기","12975339752","12607474632","17571120","350294000","5243615128","1231578800","1857090000","743986528","0","17829600","1393130200","18218954880"
"동신대학교","사립","전남","16758774293","16265291943","177588000","315894350","6983734342","442112300","450624160","400164332","8270500","187248500","5495314550","23742508635"
"동아대학교","사립","부산","42236367749","41170031963","174302066","892033720","19064228761","8039880642","7407831492","997276980","1308000","179760040","2438171607","61300596510"
"동아방송예술대학교","사립","경기","8112930946","7997677916","45753030","69500000","2560275844","916532540","978679200","107908364","0","25291400","531864340","10673206790"
"동아보건대학교","사립","전남","4362499510","4206965350","10084160","145450000","779704338","60051250","27600000","14354360","0","9985000","667713728","5142203848"
"동양대학교","사립","경북","8557918788","8338742798","84373090","134802900","3690325970","1072804400","904056733","117309544","138891166","30762000","1426502127","12248244758"
"동양미래대학교","사립","서울","15207787000","14840253240","106730000","260803760","5830000000","1440345470","1574666290","1330013960","0","94342700","1390631580","21037787000"
"동원과학기술대학교","사립","경남","7246295300","6905502460","121157840","219635000","2187126206","179099400","375442000","75948016","0","40295000","1516341790","9433421506"
"동원대학교","사립","경기","9264236189","9184513069","5253120","74470000","2363387606","371868500","135842330","123908696","3625300","149967600","1578175180","11627623795"
"동의과학대학교","사립","부산","12876664394","12781777834","1438560","93448000","2860777466","1057156770","234750240","104525816","0","35115250","1429229390","15737441860"
"동의대학교","사립","부산","34759207997","34471410977","60324580","227472440","16046451012","5968842160","5030112580","1155954501","0","233692000","3657849771","50805659009"
"동주대학교","사립","부산","7759538766","7727181366","5652400","26705000","2378289932","722538100","132328800","57855412","0","47687000","1417880620","10137828698"
"두원공과대학교","사립","경기","7036731597","6908421597","2500000","125810000","2109360969","393312000","0","116703136","495418500","48732400","1055194933","9146092566"
"디지털서울문화예술대학교","사립","서울","4034896144","4031996144","2900000","0","1478112642","112880700","134790000","29430056","0","1665500","1199346386","5513008786"
"루터대학교","사립","경기","1026187943","1005420383","4126560","16641000","361081832","46722500","113697500","35455832","0","0","165206000","1387269775"
"마산대학교","사립","경남","13388197330","13188973530","8711800","190512000","4718714590","1032781000","774875650","348839090","0","32718000","2529500850","18106911920"
"명지대학교","사립","경기","27180489851","26646268181","156755190","377466480","17134338842","2357329000","3098572000","851028314","1738047000","152241000","8937121528","44314828693"
"명지전문대학","사립","서울","17594397778","17381572008","90757720","122068050","6178899892","558130060","2209082074","830490492","1043700","148809740","2431343826","23773297670"
"목원대학교","사립","대전","17956094744","17780403614","38001130","137690000","9435673208","2207158320","2927482120","501578941","1051566870","157366000","2590520957","27391767952"
"목포가톨릭대학교","사립","전남","1793878832","1610732832","66000000","117146000","507879158","376857350","45323000","6543108","0","0","79155700","2301757990"
"목포과학대학교","사립","전남","9748814176","9187704076","17508000","543602100","1273665444","92799750","257615250","175960564","0","63543000","683746880","11022479620"
"목포대학교","국공립","전남","16998277427","15959092177","601666000","437519250","3928081720","1522359330","540038160","758155790","0","0","1107528440","20926359147"
"목포해양대학교","국공립","전남","4588841545","4230771385","24183660","333886500","1105842370","811822500","0","79982990","0","0","214036880","5694683915"
"문경대학교","사립","경북","2870684369","2324644449","46962000","499077920","669560088","167051600","338851500","25334108","0","6032000","132290880","3540244457"
"배재대학교","사립","대전","17356567617","17241872107","30263010","84432500","9460700029","2448346340","2748101695","489525490","8800000","98530000","3667396504","26817267646"
"배화여자대학교","사립","서울","6885584390","6797140905","16453485","71990000","1913858570","777680000","564851760","194031250","0","7638000","369657560","8799442960"
"백석대학교","사립","충남","27357817921","27052626242","22804540","282387139","15602229808","4520356500","6551998500","233119908","0","243266000","4053488900","42960047729"
"백석문화대학교","사립","충남","12298231092","12154232492","4358000","139640600","4234750238","703300250","1321439020","379423168","0","160813000","1669774800","16532981330"
"백제예술대학교","사립","전북","2499640460","2492230460","410000","7000000","858310990","301977000","337454000","35350000","0","0","183529990","3357951450"
"부경대학교","국공립","부산","29737237585","28553572736","79689760","1103975089","9674557084","3087629710","2897227370","1742956124","0","0","1946743880","39411794669"
"부산가톨릭대학교","사립","부산","12039298738","11901930558","24791680","112576500","4303097560","1185429000","1116237334","344030126","0","44271000","1613130100","16342396298"
"부산경상대학교","사립","부산","12053967133","11951046073","25888560","77032500","3178288689","137158450","22620500","163268556","25424000","85369150","2744448033","15232255822"
"부산과학기술대학교","사립","부산","8631964948","8506703588","42572860","82688500","2938101828","582241000","113837000","87346328","0","18823300","2135854200","11570066776"
"부산교육대학교","국공립","부산","2266257705","1831586875","294467500","140203330","923887750","422496000","103968000","195636120","0","0","201787630","3190145455"
"부산대학교","국공립","부산","37368726491","34260926781","726148780","2381650930","15515988054","5909209500","6054353200","1592253224","0","0","1960172130","52884714545"
"부산디지털대학교","사립","부산","3947171627","3940671627","0","6500000","688753722","45203000","20826500","6694488","0","0","616029734","4635925349"
"부산여자대학교","사립","부산","7263423744","7201778144","0","61645600","2047511590","216316000","536678020","235213900","0","6168000","1053135670","9310935334"
"부산예술대학교","사립","부산","1990372159","1975270399","0","15101760","696965626","81869900","47702950","31558576","0","0","535834200","2687337785"
"부산외국어대학교","사립","부산","15162034929","14977185669","31047220","153802040","7236206046","1147086500","2013104220","840805386","0","100264000","3134945940","22398240975"
"부산장신대학교","사립","경남","737965054","693937714","0","44027340","185926496","50855500","48476000","17749996","0","16031000","52814000","923891550"
"부천대학교","사립","경기","21655894510","21515259630","21719880","118915000","7750558565","1854400505","2213484700","580768340","7321520","64686250","3029897250","29406453075"
"사이버한국외국어대학교","사립","서울","6450869834","6436132334","2317500","12420000","2411022234","149155000","50680000","0","0","15041000","2196146234","8861892068"
"삼육대학교","사립","서울","12789405125","12297129593","189332280","302943252","7720251522","1221844120","2522214545","1189438852","56092200","275744660","2454917145","20509656647"
"삼육보건대학교","사립","서울","3062049525","2987135235","12700690","62213600","1208700343","345314370","304934350","220522375","0","5738000","332191248","4270749868"
"상명대학교","사립","서울","23888202631","23244811756","114000645","529390230","17252851156","6053248434","5622935400","1239262556","415060","160340800","4176648906","41141053787"
"상지대학교","사립","강원","13166002534","12596246039","262954190","306802305","8017034522","1992290550","1801093050","126087616","0","182699150","3914864156","21183037056"
"상지영서대학교","사립","강원","433752120","404349000","18403120","11000000","85634800","6504000","0","0","0","0","79130800","519386920"
"서강대학교","사립","서울","11379710876","9362767416","132273020","1884670440","9206881544","679266500","5468474400","1788114404","0","43619400","1227406840","20586592420"
"서경대학교","사립","서울","11900496177","11732753577","70600600","97142000","8681908879","1754132633","3769249600","756369716","0","16223400","2385933530","20582405056"
"서라벌대학교","사립","경북","1624306215","1615106215","0","9200000","445353855","119326400","81515600","35158855","0","3033000","206320000","2069660070"
"서영대학교","사립","광주","13944618739","13852678739","5140000","86800000","3002539559","674788927","97289880","136013308","0","24246520","2070200924","16947158298"
"서울과학기술대학교","국공립","서울","19333103847","18610069642","100163010","622871195","11902820138","2694729200","1661110860","2078883958","505888150","0","4962207970","31235923985"
"서울교육대학교","국공립","서울","1613347988","1390841108","37541060","184965820","955344972","300173500","172089000","146854472","0","0","336228000","2568692960"
"서울기독대학교","사립","서울","903238289","884009639","2713850","16514800","594785460","166359800","178468100","106254860","0","0","143702700","1498023749"
"서울대학교","국공립","서울","31186878427","18693900041","245854960","12247123426","16682551114","96405400","5921928616","3584305734","0","0","7079911364","47869429541"
"서울디지털대학교","사립","서울","9992644075","9988644075","4000000","0","4928038100","707307600","120222300","0","0","52625000","4047883200","14920682175"
"서울사이버대학교","사립","서울","16500464000","16469839400","16825000","13799600","9041210100","697615750","99133100","0","0","7020000","8237441250","25541674100"
"서울시립대학교","국공립","서울","10085988000","9396771480","47490500","641726020","5593505013","1349607000","1230411830","2110544540","0","0","902941643","15679493013"
"서울신학대학교","사립","경기","7367871254","7224761154","2600600","140509500","2602757023","334141700","1227919800","210673423","0","13216400","816805700","9970628277"
"서울여자간호대학교","사립","서울","933244160","902157660","21586500","9500000","641542300","290730000","250076000","0","0","0","100736300","1574786460"
"서울여자대학교","사립","서울","14583669190","13740522450","192744900","650401840","8711895460","1781305150","5049709420","480066080","0","27891000","1372923810","23295564650"
"서울예술대학교","사립","경기","7182942009","6915210009","88392000","179340000","3702910827","1023074966","1209076800","593745361","0","37692300","839321400","10885852836"
"서울장신대학교","사립","경기","1321621945","1295170945","3000000","23451000","564957434","128863500","191831000","79887764","0","17291000","147084170","1886579379"
"서울한영대학교","사립","서울","2005649233","1950270843","9347100","46031290","516124152","103461240","165781900","57709952","0","3311000","185860060","2521773385"
"서원대학교","사립","충북","16096271919","15544137109","179195560","372939250","7986960996","1996590500","779551300","1284775636","576700000","97543000","3251800560","24083232915"
"서일대학교","사립","서울","13556148576","13414026746","25285230","116836600","5069057244","1867959820","1868933110","390848584","0","15928970","925386760","18625205820"
"서정대학교","사립","경기","15862647764","15801453644","16475120","44719000","6634126836","384592730","177189000","527660476","366640","61269500","5483048490","22496774600"
"선린대학교","사립","경북","5760802663","5690498903","0","70303760","1594671488","359520800","522571200","86663888","5523300","24631000","595761300","7355474151"
"선문대학교","사립","충남","24073043848","21024949658","91396260","2956697930","12166535922","1546624800","3099574740","609360328","0","230101000","6680875054","36239579770"
"성결대학교","사립","경기","10863341750","10694997250","37369000","130975500","6403130642","2329128150","865711900","866358084","0","34209000","2307723508","17266472392"
"성공회대학교","사립","서울","5403260624","5289054639","68433985","45772000","2474892343","508255520","889982863","112396560","384069910","14960100","565227390","7878152967"
"성균관대학교","사립","서울","25727661626","22301141619","233717130","3192802877","31303467525","11582367400","6624390100","1649926216","0","0","11446783809","57031129151"
"성신여자대학교","사립","서울","17217207134","16567008624","158215830","491982680","14164624217","6301412600","4214275300","741482824","0","9412000","2898041493","31381831351"
"성운대학교","사립","경북","4341432875","4335232875","0","6200000","1480129575","8400800","0","0","0","0","1471728775","5821562450"
"세경대학교","사립","강원","3406449068","2856685068","310545000","239219000","636596642","95227760","176618350","24389992","0","6563400","333797140","4043045710"
"세명대학교","사립","충북","17989842540","17345374900","400403920","244063720","8979615800","2557079270","1041531100","516676310","31000000","104027500","4729301620","26969458340"
"세종대학교","사립","서울","18865203930","18530489950","9781000","324932980","17303657330","2660645400","9766727050","773217680","118910000","16648000","3967509200","36168861260"
"세종사이버대학교","사립","서울","13805208085","13791878475","9497610","3832000","5070818946","127535000","2760000","34262945","0","117934500","4788326501","18876027031"
"세한대학교","사립","전남","8748695465","8465173165","6416300","277106000","2357158824","447583040","485194000","60074624","0","15467000","1348840160","11105854289"
"송곡대학교","사립","강원","1791645840","1765185840","10580000","15880000","481674080","103489000","108806280","70817400","0","2104500","196456900","2273319920"
"송원대학교","사립","광주","7381280176","7260765176","7115000","113400000","4079438364","559401250","138550000","135750014","0","172940750","3072796350","11460718540"
"송호대학교","사립","강원","2476634444","2357777884","68336560","50520000","641383970","131794350","0","51541570","0","29431300","428616750","3118018414"
"수성대학교","사립","대구","9578419271","9511652691","5243580","61523000","3206414634","680781580","138165500","98032944","0","30272220","2259162390","12784833905"
"수원가톨릭대학교","사립","경기","488714500","195592300","0","293122200","549384466","32620800","24900000","0","0","0","491863666","1038098966"
"수원과학대학교","사립","경기","9951698902","9831805272","9124000","110769630","3845905102","1440235630","1608849830","100243472","0","40281410","656294760","13797604004"
"수원대학교","사립","경기","16053174639","15883102399","15179680","154892560","12742462976","5529356000","4448721500","291621976","0","49871000","2422892500","28795637615"
"수원여자대학교","사립","경기","8628420481","8557689601","26840880","43890000","3647235747","966642827","1469999530","408729820","0","20305080","781558490","12275656228"
"숙명여자대학교","사립","서울","18901248603","17106436603","124640730","1670171270","14706231656","6510725500","4796203680","1124083796","758300","29357200","2245103180","33607480259"
"순복음총회신학교","사립","충북","456689000","456689000","0","0","147122764","11095000","0","936264","0","0","135091500","603811764"
"순천대학교","국공립","전남","14128984687","13329178707","585737780","214068200","4155667514","1901801500","1332938500","280316004","16000000","0","624611510","18284652201"
"순천제일대학교","사립","전남","6400726368","6343041808","2524560","55160000","1973880828","327882400","26727400","66312428","0","33134000","1519824600","8374607196"
"순천향대학교","사립","충남","25887601704","25103369964","20984680","763247060","15881249016","5568425340","4326320920","814376266","63326650","210224000","4898575840","41768850720"
"숭실대학교","사립","서울","26865387829","24192571592","438978310","2233837927","14641395834","3592212000","2912740870","1013939818","946159690","62123000","6114220456","41506783663"
"숭실사이버대학교","사립","서울","7822034250","7815686250","0","6348000","4585402250","246993000","1355102000","0","0","136752000","2846555250","12407436500"
"숭의여자대학교","사립","서울","8370150572","8301170072","29700020","39280480","2805071358","811532930","1046715410","509271568","17455000","0","420096450","11175221930"
"신경대학교","사립","경기","184351650","155151650","22000000","7200000","275102700","129448500","78461300","914400","0","0","66278500","459454350"
"신구대학교","사립","경기","15873150825","15697835205","32648820","142666800","5740275080","1094406720","2528009200","642723060","18735600","60359400","1396041100","21613425905"
"신라대학교","사립","부산","20306340927","20001457217","59004380","245879330","8053947221","1670241400","898369752","410183178","0","87819350","4987333541","28360288148"
"신성대학교","사립","충남","9071974164","8914669164","1000000","156305000","3136480516","559296900","811465170","109280816","6091000","39697000","1610649630","12208454680"
"신안산대학교","사립","경기","7809642889","7628200289","90551600","90891000","2575162386","731533000","598163000","48834186","0","21854200","1174778000","10384805275"
"신한대학교","사립","경기","16368993578","15205526178","992632400","170835000","8727115312","2341919880","2560771130","362490412","0","98074400","3363859490","25096108890"
"아신대학교","사립","경기","2136012874","2038384874","0","97628000","704940934","110167000","68825000","103333934","73679000","3178000","345758000","2840953808"
"아주대학교","사립","경기","14954885181","13825821161","34518720","1094545300","12977698462","4020905400","3977169470","1563819896","0","231672000","3184131696","27932583643"
"아주자동차대학","사립","충남","1811696980","1748383000","55146600","8167380","853499500","224312200","3315400","82621570","127000000","0","416250330","2665196480"
"안동과학대학교","사립","경북","6491156621","6402023621","0","89133000","2186435044","443078300","58256800","29907244","462300000","61462900","1131429800","8677591665"
"안동대학교","국공립","경북","12897623185","12467105047","46941260","383576878","3364356388","1841639950","867826500","325443908","0","0","329446030","16261979573"
"안산대학교","사립","경기","10781538813","10627172513","50437100","103929200","3628765212","1634416370","966359420","32099672","0","15410450","980479300","14410304025"
"안양대학교","사립","경기","9475207857","9310611737","55187120","109409000","5528730886","2492999050","1163415800","666932256","3800000","66877000","1134706780","15003938743"
"여주대학교","사립","경기","10465246802","10321971682","21176000","122099120","3441437908","889166500","729981800","19240808","0","139512000","1663536800","13906684710"
"연성대학교","사립","경기","15717244444","15358419044","93592200","265233200","5500000000","850708600","1782160000","453734948","2000000","18920000","2392476452","21217244444"
"연세대학교","사립","서울","31928969543","26164667403","220610720","5543691420","33017416779","5083387000","15180439782","3026566258","3321348460","783604000","5622071279","64946386322"
"연세대학교(미래)","사립","강원","13467013796","11797784236","128507340","1540722220","8686746834","2324726400","2413417100","844946374","830382550","34060000","2239214410","22153760630"
"연암공과대학교","사립","경남","2725569514","2706069514","6000000","13500000","1092718884","514722200","358981600","35150784","0","3921800","179942500","3818288398"
"연암대학교","사립","충남","3624514415","3486418425","5995990","132100000","855182650","325595410","252712430","117620860","0","17980000","141273950","4479697065"
"영남대학교","사립","경북","48541464727","47239385637","171690360","1130388730","24967389316","9580521900","8179425000","682061428","0","372045000","6153335988","73508854043"
"영남신학대학교","사립","경북","1363224706","1334040706","0","29184000","505653360","20920000","224337000","26838860","0","5132500","228425000","1868878066"
"영남외국어대학","사립","경북","125639360","122069360","0","3570000","877631470","76983000","140490000","6155970","0","0","654002500","1003270830"
"영남이공대학교","사립","대구","14128790920","14001236144","0","127554776","5679230378","1747057900","468900000","1016019136","0","24745600","2422507742","19808021298"
"영산대학교","사립","경남","14962295935","14721390675","107651060","133254200","6492383300","608624320","2311712860","74181360","100000","55702000","3442062760","21454679235"
"영산선학대학교","사립","전남","35050000","0","0","35050000","66000000","0","0","0","0","0","66000000","101050000"
"영진사이버대학교","사립","대구","6068480871","6062975000","0","5505871","1052137129","152643000","83700000","0","0","23014000","792780129","7120618000"
"영진전문대학교","사립","대구","20986999887","20795684767","2565120","188750000","6505374138","2300790350","212545700","413910028","0","51326600","3526801460","27492374025"
"예수대학교","사립","전북","1571063103","1540663103","0","30400000","478045787","154513000","163832600","17347987","0","6954000","135398200","2049108890"
"예원예술대학교","사립","전북","1763755894","1735940894","2710000","25105000","2740534250","268901500","184600000","44706000","16000000","0","2226326750","4504290144"
"오산대학교","사립","경기","9428758879","9358649779","1000000","69109100","3820183522","2235326300","34398700","30195492","0","51445200","1468817830","13248942401"
"용인대학교","사립","경기","12853311595","12233440425","122566030","497305140","5837342900","1932565000","1484950960","108913940","28864000","137054800","2144994200","18690654495"
"용인예술과학대학교","사립","경기","7175277519","7002780289","66947230","105550000","2484354406","617368270","116400000","226934216","0","124740520","1398911400","9659631925"
"우석대학교","사립","전북","16574899191","16349005321","56673340","169220530","6527136474","1223960790","2338322970","195886504","5617250","174706500","2588642460","23102035665"
"우송대학교","사립","대전","21213585293","20917242305","108541020","187801968","12870841553","7003007650","912407300","2954278095","1141200","18045500","1981961808","34084426846"
"우송정보대학","사립","대전","10625376474","10490755654","29670820","104950000","2986970581","377384100","718791030","93268000","0","13138000","1784389451","13612347055"
"울산과학기술원","국공립","울산","3083887989","2898108025","57372500","128407464","8032485201","6038306000","124260250","42553597","0","0","1827365354","11116373190"
"울산과학대학교","사립","울산","12014693565","11264592040","105410000","644691525","3846818570","830982000","1369940550","208055470","0","54882000","1382958550","15861512135"
"울산대학교","사립","울산","24525755484","19983761834","283105710","4258887940","9038357356","3743150400","2330380200","896962708","0","312014900","1755849148","33564112840"
"웅지세무대학교","사립","경기","236941585","208961585","7500000","20480000","759727460","34290000","656192500","9932960","0","6960000","52352000","996669045"
"원광대학교","사립","전북","31340154647","30211503504","326518920","802132223","16931461814","3161165750","4853855870","461367248","0","417358000","8037714946","48271616461"
"원광디지털대학교","사립","전북","7622794698","7615650698","0","7144000","2412921012","185176000","343929000","11417512","0","39312000","1833086500","10035715710"
"원광보건대학교","사립","전북","14291122824","13802637824","374035000","114450000","3473044627","591761600","547307150","112606588","14700000","61037000","2145632289","17764167451"
"위덕대학교","사립","경북","6374645729","6185837349","138998380","49810000","4756880544","648474900","115219600","64982868","0","115369000","3812834176","11131526273"
"유원대학교","사립","충북","8261814976","8188497156","18807820","54510000","5420905136","937080000","192307500","90001736","0","57210000","4144305900","13682720112"
"유한대학교","사립","경기","11412249512","11139398812","8816400","264034300","4064567776","1540168100","1197085200","580560476","13560000","3075000","730119000","15476817288"
"을지대학교","사립","대전","8201678935","7765129105","213643980","222905850","7709663064","3046380200","3371513800","140348064","177000","16974000","1134270000","15911341999"
"이화여자대학교","사립","서울","24200809251","20665297276","242136870","3293375105","25699800000","8125255495","11071713251","505407334","0","88136600","5909287320","49900609251"
"인덕대학교","사립","서울","15937896285","15732656870","45156400","160083015","4508687037","980501500","1638629416","534702396","535200000","119014700","700639025","20446583322"
"인제대학교","사립","경남","18954590685","18250723365","196565750","507301570","10044008880","2098064700","3859416880","618532800","36143850","136317100","3295533550","28998599565"
"인천가톨릭대학교","사립","인천","1474617041","1345937761","4000000","124679280","948166266","282896000","115860000","51535916","0","0","497874350","2422783307"
"인천대학교","국공립","인천","24203852930","23519685550","80375380","603792000","10750025246","4138663168","2754139280","1890739116","1749000","0","1964734682","34953878176"
"인천재능대학교","사립","인천","9326045498","9245280678","4777300","75987520","3493216042","610154120","1165030510","95355932","3822000","106537800","1512315680","12819261540"
"인하공업전문대학","사립","인천","17269538043","17180183423","10574020","78780600","7071702392","1357596780","1495511820","1498628472","0","26378760","2693586560","24341240435"
"인하대학교","사립","인천","32377970808","29872906348","227128570","2277935890","20051495372","6035345320","6452176000","2784270422","0","140400200","4639303430","52429466180"
"장로회신학대학교","사립","서울","2069599097","1918653047","27502000","123444050","576271068","166760700","143416500","93078618","87450000","0","85565250","2645870165"
"장안대학교","사립","경기","9850096593","9802858473","3253120","43985000","4040779212","1000381400","875375800","63968232","20700000","6273000","2074080780","13890875805"
"전남과학대학교","사립","전남","11830303805","11769103805","3000000","58200000","2413109460","152040500","430210500","115911560","32200000","103013000","1579733900","14243413265"
"전남대학교","국공립","광주","37663000459","35650811806","48061420","1964127233","11776406634","6209199590","3261746030","761381734","5762520","0","1538316760","49439407093"
"전남도립대학교","국공립","전남","1636291316","1468627316","16804000","150860000","429179904","141376000","1546000","33530904","0","0","252727000","2065471220"
"전북과학대학교","사립","전북","5356748998","5328908998","0","27840000","1692596691","225980200","100336621","50994820","824800","80355000","1234105250","7049345689"
"전북대학교","국공립","전북","34829545984","33249787924","330360580","1249397480","12306218810","4572142750","3804557290","1721628960","34456260","0","2173433550","47135764794"
"전주교육대학교","국공립","전북","1108339820","1094841820","4772000","8726000","516732000","233780000","182646000","2400000","0","0","97906000","1625071820"
"전주기전대학","사립","전북","5570172130","5538292130","4758000","27122000","1752603635","275757500","12181100","146574340","375549425","90690100","851851170","7322775765"
"전주대학교","사립","전북","28392616897","27131011362","578847695","682757840","11474828547","1755593250","3167952850","1183400648","13445915","62698500","5291737384","39867445444"
"전주비전대학교","사립","전북","9857261666","9740035176","0","117226490","2736738974","317029400","0","62276024","3642500","39107800","2314683250","12594000640"
"정석대학","사립","서울","0","0","0","0","","0","0","0","0","0","0","0"
"제주관광대학교","사립","제주","5459283888","5366596668","31140220","61547000","1158076557","158741070","8678160","68525089","0","18028100","904104138","6617360445"
"제주국제대학교","사립","제주","1115376845","1050603725","6900000","57873120","1213406980","174652000","61500000","28949200","0","31080000","917225780","2328783825"
"제주대학교","국공립","제주","18248636029","17235191099","274044920","739400010","5817710431","1692329500","1916979700","988080776","0","0","1220320455","24066346460"
"제주한라대학교","사립","제주","12523544776","12344027036","90425740","89092000","2926546055","858877220","232443860","292833344","0","92283240","1450108391","15450090831"
"조선간호대학교","사립","광주","1555377175","1535612725","10464450","9300000","437227200","184948350","163256350","0","0","0","89022500","1992604375"
"조선대학교","사립","광주","42011011473","40980800126","207773330","822438017","19568802754","6663312650","5559498080","604572264","66692700","394727800","6279999260","61579814227"
"조선이공대학교","사립","광주","6977704511","6955443511","205000","22056000","1691858504","534294640","40299800","59676096","0","13241000","1044346968","8669563015"
"중부대학교","사립","충남","18192698106","18085525906","14925200","92247000","9989270054","2459561500","3586480050","757731604","0","101433000","3084063900","28181968160"
"중앙대학교","사립","서울","40084866559","36194882194","344787585","3545196780","32420761424","13210088500","12229239880","1141686790","6742060","187537000","5645467194","72505627983"
"중앙승가대학교","사립","경기","244025500","134655500","0","109370000","880000","0","0","0","0","0","880000","244905500"
"중원대학교","사립","충북","6185548606","6090334346","42982760","52231500","9761044154","1467596700","221933400","68531644","0","32738000","7970244410","15946592760"
"진주교육대학교","국공립","경남","2005826213","1876158263","20415600","109252350","978111372","265223000","214004300","82221472","0","0","416662600","2983937585"
"진주보건대학교","사립","경남","7689009689","7612793609","5916080","70300000","2317116466","263958700","1338078770","58551496","0","33102400","623425100","10006126155"
"차의과학대학교","사립","경기","5146794894","5058973844","15700950","72120100","2976226581","395423340","1274913700","238541631","0","0","1067347910","8123021475"
"창신대학교","사립","경남","5962016955","4086417285","2000000","1873599670","2300242540","369112400","484201000","93386140","0","5770000","1347773000","8262259495"
"창원대학교","국공립","경남","14812760987","14401012007","22807180","388941800","5506301108","1762199660","1557551450","1024598108","0","0","1161951890","20319062095"
"창원문성대학교","사립","경남","5297263920","5228382360","12331560","56550000","1573130200","487106900","4800000","88371000","0","3220000","989632300","6870394120"
"청강문화산업대학교","사립","경기","8863033108","8575406308","20155200","267471600","2492185752","688400480","1082135120","320029152","0","0","401621000","11355218860"
"청암대학교","사립","전남","6624115246","6558421756","1000000","64693490","1892498884","478077610","67077210","60136944","0","8945300","1278261820","8516614130"
"청운대학교","사립","충남","19146736027","19002115027","8917000","135704000","7418149948","1117641700","1407192100","246355768","22743000","76093000","4548124380","26564885975"
"청주교육대학교","국공립","충북","1225629840","1049056520","10700000","165873320","734485180","253800000","221675000","89790180","0","0","169220000","1960115020"
"청주대학교","사립","충북","20280140753","19862018053","52564610","365558090","15275857590","6771249340","4608944390","290119460","6275450","164161000","3435107950","35555998343"
"초당대학교","사립","전남","7981577839","7765240839","9827000","206510000","3748338944","303906000","153479000","68747266","0","50944000","3171262678","11729916783"
"총신대학교","사립","서울","5237952012","4888874212","44000000","305077800","1731103073","326301200","557938800","255672073","297600000","17206000","276385000","6969055085"
"추계예술대학교","사립","서울","2037770900","1965252320","24573580","47945000","1162940990","216156500","394720830","74522000","216300000","0","261241660","3200711890"
"춘천교육대학교","국공립","강원","1963108427","1871072407","10089000","81947020","622100128","298640000","142552500","127042628","0","0","53865000","2585208555"
"춘해보건대학교","사립","울산","7212308889","7121616909","2765980","87926000","1831728936","792241600","536340350","133944936","0","4665500","364536550","9044037825"
"충남대학교","국공립","대전","25964003598","24714808398","100845980","1148349220","12561982624","6061718050","3392744190","1174555772","1299300","0","1931665312","38525986222"
"충남도립대학교","국공립","충남","1737567110","1588087110","125579000","23901000","828686934","109413300","168478500","83837944","0","0","466957190","2566254044"
"충북대학교","국공립","충북","24267833208","23117222918","99186620","1051423670","11481378823","4402619960","2609190620","2271098185","0","11399000","2187071058","35749212031"
"충북도립대학교","국공립","충북","1024008720","911357220","97030500","15621000","407296100","148222350","42474300","30552600","821000","1912000","183313850","1431304820"
"충북보건과학대학교","사립","충북","6113180052","6022953812","6090240","84136000","2118770328","509524840","611112840","57205048","0","81650000","859277600","8231950380"
"충청대학교","사립","충북","9037206648","8895981261","25562920","115662467","2964553920","666702380","999668145","197174385","0","24076900","1076932110","12001760568"
"칼빈대학교","사립","경기","860766607","801906607","0","58860000","1065457808","40645000","1000000","51966308","0","13850000","957996500","1926224415"
"평택대학교","사립","경기","6831495085","6765772685","9822400","55900000","4817411784","1361308000","1284018400","110331224","403986000","74612000","1583156160","11648906869"
"포항공과대학교","사립","경북","3680667248","3480402388","2430000","197834860","3617426910","86000000","119420000","371747900","24100000","0","3016159010","7298094158"
"포항대학교","사립","경북","4814967228","4685790228","67713000","61464000","1196097611","194944000","33040000","56417444","0","1788000","909908167","6011064839"
"한경대학교","국공립","경기","9456896736","9359709106","50129490","47058140","3815292170","1505451750","472937700","1019080080","1407240","0","816415400","13272188906"
"한국골프대학교","사립","강원","1122553917","1050120167","47321250","25112500","700574500","104134500","29435000","2800000","0","0","564205000","1823128417"
"한국공학대학교","사립","경기","12573824927","12213435767","36666160","323723000","10321188448","3568920230","2227803320","903730068","0","49072500","3571662330","22895013375"
"한국과학기술원","국공립","대전","4330863285","4148836285","0","182027000","20389174450","4334127100","111984000","161950520","0","0","15781112830","24720037735"
"한국관광대학교","사립","경기","4643900194","4616955664","1126560","25817970","1511070962","232756710","381241568","60331476","0","2953000","833788208","6154971156"
"한국교원대학교","국공립","충북","3389288813","3281347893","18766420","89174500","1864148592","306842500","623552580","822718632","0","0","111034880","5253437405"
"한국교통대학교","국공립","충북","16784813978","16569002203","68469275","147342500","6155152322","3588938950","624730000","1013090572","13287000","0","915105800","22939966300"
"한국국제대학교","사립","경남","1594065486","1567684886","12166600","14214000","1401340350","356665600","30614666","7043324","0","8172000","998844760","2995405836"
"한국기술교육대학교","사립","충남","7482882408","7365637528","8806880","108438000","5817148834","1914010910","220849780","1775676454","0","27982300","1878629390","13300031242"
"한국농수산대학교","국공립","전북","114037500","114037500","0","0","339403610","49500000","0","235146000","0","0","54757610","453441110"
"한국방송통신대학교","국공립","서울","15871921870","15572214620","9283050","290424200","8814210250","3620528450","781113180","1136906240","0","0","3275662380","24686132120"
"한국복지대학교","국공립","경기","1624087130","1556434030","8014940","59638160","400496950","189421880","34600000","83019120","0","0","93455950","2024584080"
"한국복지사이버대학","사립","경북","3178481700","3178481700","0","0","2024965400","91077600","18900000","0","0","5040000","1909947800","5203447100"
"한국성서대학교","사립","서울","3099092183","2986702183","71870000","40520000","1153674552","233524000","114813000","227430052","61000000","11728000","505179500","4252766735"
"한국승강기대학교","사립","경남","2244810718","2177990718","3500000","63320000","665666432","262949000","184174500","24790332","0","0","193752600","2910477150"
"한국열린사이버대학교","사립","서울","6953479400","6951479400","2000000","0","3802689260","249782800","39690000","0","1488000","45268200","3466460260","10756168660"
"한국영상대학교","사립","세종","8483937838","8383695418","8060120","92182300","2609068058","1150739400","413552100","305583398","315000","10368300","728509860","11093005896"
"한국예술종합학교","국공립","서울","3899672340","3562861090","16270000","320541250","1465627640","963653000","16051000","347951640","0","0","137972000","5365299980"
"한국외국어대학교","사립","서울","27362328194","24695843418","399924380","2266560396","16002600274","4433317000","7020832280","655355876","0","84940000","3808155118","43364928468"
"한국전통문화대학교","국공립","충남","735359925","694359925","12000000","29000000","677329500","523129300","7500000","22284000","0","0","124416200","1412689425"
"한국체육대학교","국공립","서울","4668881069","4434682469","37238600","196960000","2403451776","1873048100","338807900","51595776","0","0","140000000","7072332845"
"한국침례신학대학교","사립","대전","5793203302","5486883837","0","306319465","687294018","123488216","343204400","76602602","0","12483200","131515600","6480497320"
"한국폴리텍 I 대학 서울강서캠퍼스","사립","서울","570733000","566533000","0","4200000","131175000","53621000","40781000","25550000","0","3741000","7482000","701908000"
"한국폴리텍 I 대학 서울정수캠퍼스","사립","서울","1364443224","1339949164","4747060","19747000","352949500","110983000","102315000","115958500","0","14964000","8729000","1717392724"
"한국폴리텍 I 대학 성남캠퍼스","사립","경기","673443500","646995500","3648000","22800000","192652000","69312000","58368000","59500000","0","1216000","4256000","866095500"
"한국폴리텍 I 대학 제주캠퍼스","사립","제주","64549000","62949000","0","1600000","12028000","5410000","4328000","2290000","0","0","0","76577000"
"한국폴리텍 II 대학 남인천캠퍼스","사립","인천","58061000","51061000","0","7000000","11223000","11223000","0","0","0","0","0","69284000"
"한국폴리텍 II 대학 인천캠퍼스","사립","인천","2073531660","1995584660","0","77947000","476666000","163357000","147472000","114710000","0","8729000","42398000","2550197660"
"한국폴리텍 II 대학 화성캠퍼스","사립","경기","0","0","0","0","","0","0","0","0","0","0","0"
"한국폴리텍 III 대학 강릉캠퍼스","사립","강원","152102620","144749500","0","7353120","38648540","13635500","11850000","1935840","0","0","11227200","190751160"
"한국폴리텍 III 대학 원주캠퍼스","사립","강원","121531500","103344500","1087000","17100000","22304000","2661000","8000000","6007000","0","0","5636000","143835500"
"한국폴리텍 III 대학 춘천캠퍼스","사립","강원","302365120","281904000","608000","19853120","64946000","34048000","13266000","13376000","0","0","4256000","367311120"
"한국폴리텍 IV 대학 대전캠퍼스","사립","대전","951106000","907706000","2000000","41400000","213620000","69312000","68200000","60300000","0","0","15808000","1164726000"
"한국폴리텍 IV 대학 아산캠퍼스","사립","충남","547795670","507145670","0","40650000","127235330","51072000","36574000","32800000","0","2432000","4357330","675031000"
"한국폴리텍 IV 대학 청주캠퍼스","사립","충북","811323427","799969667","1553760","9800000","166168000","54720000","51160000","51900000","0","0","8388000","977491427"
"한국폴리텍 IV 대학 홍성캠퍼스","사립","충남","214107000","203148500","6958500","4000000","46934000","25968000","8484000","11400000","0","0","1082000","261041000"
"한국폴리텍 V 대학 광주캠퍼스","사립","광주","988263834","973763834","3000000","11500000","206732000","64448000","59330000","59242000","0","4864000","18848000","1194995834"
"한국폴리텍 V 대학 순천캠퍼스","사립","전남","0","0","0","0","","0","0","0","0","0","0","0"
"한국폴리텍 V 대학 익산캠퍼스","사립","전북","124806500","122706500","0","2100000","26409000","15808000","7932000","2061000","0","0","608000","151215500"
"한국폴리텍 V 대학 전남캠퍼스","사립","전남","226304500","223304500","0","3000000","48350000","23804000","14400000","6900000","0","0","3246000","274654500"
"한국폴리텍 V 대학 전북캠퍼스","사립","전북","529062270","507551500","1160500","20350270","112586250","47580500","34826000","14100000","0","2321000","13758750","641648520"
"한국폴리텍 VI 대학 구미캠퍼스","사립","경북","594727669","572587669","2740000","19400000","156282000","47424000","38550000","42340000","0","0","27968000","751009669"
"한국폴리텍 VI 대학 대구캠퍼스","사립","대구","575635000","563335000","0","12300000","142520750","55936000","34716000","50044750","0","0","1824000","718155750"
"한국폴리텍 VI 대학 영남융합기술캠퍼스","사립","대구","220115000","205451000","0","14664000","63274000","35264000","24252000","3150000","0","0","608000","283389000"
"한국폴리텍 VI 대학 영주캠퍼스","사립","경북","48943160","44175500","3000000","1767660","11338000","4328000","3670000","3340000","0","0","0","60281160"
"한국폴리텍 VII 대학 부산캠퍼스","사립","부산","1153211165","1127411165","0","25800000","234883400","68096000","61776000","84474000","0","7296000","13241400","1388094565"
"한국폴리텍 VII 대학 울산캠퍼스","사립","울산","657174400","624527000","2075400","30572000","210884500","58423500","59518500","71700000","0","2432000","18810500","868058900"
"한국폴리텍 VII 대학 창원캠퍼스","사립","경남","1596342086","1544992086","4000000","47350000","385487000","119168000","120850000","122429000","0","7296000","15744000","1981829086"
"한국폴리텍 특성화대학 로봇캠퍼스","사립","경북","79745000","77145000","0","2600000","22700500","8318500","3600000","8700000","0","1000000","1082000","102445500"
"한국폴리텍 특성화대학 바이오캠퍼스","사립","충남","505456250","487256250","5000000","13200000","126202500","42817500","37807500","33900000","0","3243750","8433750","631658750"
"한국폴리텍 특성화대학 반도체융합캠퍼스","사립","경기","492526490","489026490","0","3500000","173622000","65664000","19963400","78266600","0","9728000","0","666148490"
"한국폴리텍 특성화대학 항공캠퍼스","사립","경남","559206327","548954167","3352160","6900000","128520000","49895000","38733500","34435000","0","2440500","3016000","687726327"
"한국항공대학교","사립","경기","6838090479","6292256864","115308450","430525165","5492593076","1613601990","1552310420","826597996","198600","51263800","1448620270","12330683555"
"한국해양대학교","국공립","부산","12108955895","11093218555","120386340","895351000","2964531460","1748105900","691007200","204584660","0","0","320833700","15073487355"
"한남대학교","사립","대전","25810063787","25499646547","49639820","260777420","12083405688","3154273810","3491084330","690843138","1078715140","107612070","3560877200","37893469475"
"한동대학교","사립","경북","10847636507","9950772687","16427000","880436820","4111576029","981256434","984764210","827407808","46550000","38602000","1232995577","14959212536"
"한라대학교","사립","강원","7583891967","7448486367","91545600","43860000","4086651868","1310529200","846795800","99788068","200750000","66871000","1561917800","11670543835"
"한림대학교","사립","강원","17109110433","16393547393","340647280","374915760","9803704822","4792407220","1335205970","632286472","0","0","3043805160","26912815255"
"한림성심대학교","사립","강원","7725567090","7591588190","64458900","69520000","2529271910","846101670","77035000","426539240","1530000","192000","1177874000","10254839000"
"한밭대학교","국공립","대전","16416656910","16064113890","35736110","316806910","6030393310","2583841440","1107083940","1483063980","232940","0","856171010","22447050220"
"한서대학교","사립","충남","14518917182","14260589062","104779620","153548500","9449748868","3780154000","3026654000","254171728","56679000","76735000","2255355140","23968666050"
"한성대학교","사립","서울","13500219050","13242168070","68201780","189849200","8544438283","1545624800","1955329800","2037431394","0","28018300","2978033989","22044657333"
"한세대학교","사립","경기","6417526115","5948582115","16000000","452944000","3573545660","758086500","1770209640","122872520","1420000","3024000","917933000","9991071775"
"한신대학교","사립","경기","11536367336","11252519536","22647800","261200000","5219935014","2018628280","1654734000","500888764","0","94105000","951578970","16756302350"
"한양대학교","사립","서울","26476347258","23848595503","309326340","2318425415","25334212671","3594642400","5717366900","1768522204","17555900","139996200","14096129067","51810559929"
"한양대학교(ERICA)","사립","경기","19850857849","18654360289","312474120","884023440","15370433385","2450137100","5730558760","683059066","819595700","125438000","5561644759","35221291234"
"한양사이버대학교","사립","서울","16487494510","16444911250","14686260","27897000","7795838200","472005000","42780000","0","0","15192000","7265861200","24283332710"
"한양여자대학교","사립","서울","16218486159","15961227414","17505925","239752820","5703686770","1970716340","1725727970","276877676","394260000","8777400","1327327384","21922172929"
"한영대학교","사립","전남","2818407068","2815407068","0","3000000","945475412","47930000","114152400","28327612","0","3213200","751852200","3763882480"
"한일장신대학교","사립","전북","2954324237","2916146237","0","38178000","1047836228","161428000","81990000","58158228","0","17162500","729097500","4002160465"
"협성대학교","사립","경기","9656052715","9575252495","8853720","71946500","5808794458","1609725549","2886494754","322911205","36288700","25033000","928341250","15464847173"
"혜전대학교","사립","충남","7005761050","6895435450","2100600","108225000","1898646970","135507250","679712440","345621950","0","36252720","701552610","8904408020"
"호남대학교","사립","광주","16238444359","16062256359","48076200","128111800","7468724206","1182431600","2315685160","394389896","0","97723800","3478493750","23707168565"
"호남신학대학교","사립","광주","1615079483","1598031283","0","17048200","485496632","218493250","6657700","52649232","0","0","207696450","2100576115"
"호산대학교","사립","경북","5107035203","5094396643","4938560","7700000","1930323602","238839340","4064760","22629312","334580","9237920","1655217690","7037358805"
"호서대학교","사립","충남","25062148720","24078287690","613109030","370752000","16088791360","4655425100","4008123640","1507796110","0","126488000","5790958510","41150940080"
"호원대학교","사립","전북","14773426820","14643067510","77136810","53222500","7202190410","1387375600","91608200","197757260","2347250","104038000","5419064100","21975617230"
"홍익대학교","사립","서울","30316105747","29511872017","59140180","745093550","38420665679","16187508600","8290929680","4322694654","3841030000","121504000","5656998745","68736771426"
"화신사이버대학교","사립","부산","3335479744","3335479744","0","0","542509254","0","128005000","5445836","0","66108000","342950418","3877988998"
